id,pred
1,0.645
2,0.325
3,0.78999996
4,0.45499998
5,0.89500004
6,0.255
7,0.68
8,0.3225
9,0.8175
10,0.49
